-- phpMyAdmin SQL Dump
-- version 4.7.0
-- https://www.phpmyadmin.net/
--
-- Host: 127.0.0.1
-- Generation Time: May 19, 2018 at 10:28 PM
-- Server version: 10.1.25-MariaDB
-- PHP Version: 7.1.7

SET SQL_MODE = "NO_AUTO_VALUE_ON_ZERO";
SET AUTOCOMMIT = 0;
START TRANSACTION;
SET time_zone = "+00:00";


/*!40101 SET @OLD_CHARACTER_SET_CLIENT=@@CHARACTER_SET_CLIENT */;
/*!40101 SET @OLD_CHARACTER_SET_RESULTS=@@CHARACTER_SET_RESULTS */;
/*!40101 SET @OLD_COLLATION_CONNECTION=@@COLLATION_CONNECTION */;
/*!40101 SET NAMES utf8mb4 */;

--
-- Database: `db_shop`
--

-- --------------------------------------------------------

--
-- Table structure for table `tbl_admin`
--

CREATE TABLE `tbl_admin` (
  `adminId` int(11) NOT NULL,
  `adminName` varchar(255) NOT NULL,
  `adminUser` varchar(255) NOT NULL,
  `adminEmail` varchar(255) NOT NULL,
  `adminPass` varchar(255) NOT NULL,
  `level` tinyint(4) NOT NULL
) ENGINE=InnoDB DEFAULT CHARSET=latin1;

--
-- Dumping data for table `tbl_admin`
--

INSERT INTO `tbl_admin` (`adminId`, `adminName`, `adminUser`, `adminEmail`, `adminPass`, `level`) VALUES
(2, 'ahmad', 'admin', 'admin@gmail.com', '4297f44b13955235245b2497399d7a93', 0);

-- --------------------------------------------------------

--
-- Table structure for table `tbl_brand`
--

CREATE TABLE `tbl_brand` (
  `brandId` int(11) NOT NULL,
  `brandName` varchar(255) NOT NULL
) ENGINE=InnoDB DEFAULT CHARSET=latin1;

--
-- Dumping data for table `tbl_brand`
--

INSERT INTO `tbl_brand` (`brandId`, `brandName`) VALUES
(3, 'Samsung'),
(4, 'Iphone'),
(5, 'Canon'),
(7, 'Acer');

-- --------------------------------------------------------

--
-- Table structure for table `tbl_cart`
--

CREATE TABLE `tbl_cart` (
  `cartId` int(11) NOT NULL,
  `sId` varchar(255) NOT NULL,
  `productId` int(11) NOT NULL,
  `productName` varchar(255) NOT NULL,
  `price` float NOT NULL,
  `quantity` int(11) NOT NULL,
  `image` varchar(255) NOT NULL
) ENGINE=InnoDB DEFAULT CHARSET=latin1;

-- --------------------------------------------------------

--
-- Table structure for table `tbl_category`
--

CREATE TABLE `tbl_category` (
  `catId` int(11) NOT NULL,
  `catName` varchar(255) NOT NULL
) ENGINE=InnoDB DEFAULT CHARSET=latin1;

--
-- Dumping data for table `tbl_category`
--

INSERT INTO `tbl_category` (`catId`, `catName`) VALUES
(1, 'Mobile Phones'),
(2, 'Desktop'),
(3, 'Accessories'),
(4, 'Software'),
(5, 'Sports &amp; Fitness'),
(6, 'Footwear'),
(7, 'Jewellery'),
(8, 'Clothing'),
(9, 'Home Decor &amp; Kitchen'),
(10, 'Beauty &amp; Healthcare'),
(11, 'Toys, Kids &amp; Babies');

-- --------------------------------------------------------

--
-- Table structure for table `tbl_compare`
--

CREATE TABLE `tbl_compare` (
  `id` int(11) NOT NULL,
  `cmrId` int(11) NOT NULL,
  `productId` int(11) NOT NULL,
  `productName` varchar(255) NOT NULL,
  `price` float NOT NULL,
  `image` varchar(255) NOT NULL
) ENGINE=InnoDB DEFAULT CHARSET=latin1;

-- --------------------------------------------------------

--
-- Table structure for table `tbl_customer`
--

CREATE TABLE `tbl_customer` (
  `id` int(11) NOT NULL,
  `name` varchar(255) NOT NULL,
  `address` text NOT NULL,
  `city` varchar(40) NOT NULL,
  `country` varchar(30) NOT NULL,
  `zip` varchar(30) NOT NULL,
  `phone` varchar(30) NOT NULL,
  `email` varchar(255) NOT NULL,
  `pass` varchar(32) NOT NULL
) ENGINE=InnoDB DEFAULT CHARSET=latin1;

--
-- Dumping data for table `tbl_customer`
--

INSERT INTO `tbl_customer` (`id`, `name`, `address`, `city`, `country`, `zip`, `phone`, `email`, `pass`) VALUES
(3, 'Ahmad abdelhaleem', 'Istanbulstraat 47', ' Utrecht, Ijsselstein, Netherlands', 'Netherlands', '3404VA', '685558320', 'coldman9910@gmail.com', '4297f44b13955235245b2497399d7a93');

-- --------------------------------------------------------

--
-- Table structure for table `tbl_order`
--

CREATE TABLE `tbl_order` (
  `id` int(11) NOT NULL,
  `cmrId` int(11) NOT NULL,
  `productId` int(11) NOT NULL,
  `productName` varchar(255) NOT NULL,
  `quantity` int(11) NOT NULL,
  `price` float NOT NULL,
  `image` varchar(255) NOT NULL,
  `date` datetime NOT NULL DEFAULT CURRENT_TIMESTAMP,
  `status` int(11) NOT NULL DEFAULT '0'
) ENGINE=InnoDB DEFAULT CHARSET=latin1;

--
-- Dumping data for table `tbl_order`
--

INSERT INTO `tbl_order` (`id`, `cmrId`, `productId`, `productName`, `quantity`, `price`, `image`, `date`, `status`) VALUES
(8, 3, 3, 'Lorem3', 1, 222, 'upload/83c6690abc.jpg', '2018-05-17 17:38:17', 0),
(9, 3, 1, 'Lorem1', 1, 200, 'upload/cb3db897a5.png', '2018-05-17 17:38:17', 2),
(12, 3, 2, ' LOREM2', 1, 500, 'upload/e43bf7c1f9.jpg', '2018-05-17 17:42:08', 0),
(13, 3, 2, ' LOREM2', 0, 0, 'upload/e43bf7c1f9.jpg', '2018-05-17 18:29:59', 2);

-- --------------------------------------------------------

--
-- Table structure for table `tbl_product`
--

CREATE TABLE `tbl_product` (
  `productId` int(11) NOT NULL,
  `productName` varchar(255) NOT NULL,
  `catId` int(11) NOT NULL,
  `brandId` int(11) NOT NULL,
  `body` text NOT NULL,
  `price` float NOT NULL,
  `image` varchar(255) NOT NULL,
  `type` tinyint(4) NOT NULL DEFAULT '0'
) ENGINE=InnoDB DEFAULT CHARSET=latin1;

--
-- Dumping data for table `tbl_product`
--

INSERT INTO `tbl_product` (`productId`, `productName`, `catId`, `brandId`, `body`, `price`, `image`, `type`) VALUES
(1, 'Lorem1', 10, 4, 'Lorem Ipsum is simply dummy text of the printing and typesetting industry. Lorem Ipsum has been the industry\'s standard dummy text ever since the 1500s, when an unknown printer took a galley of type and scrambled it to make a type specimen book. It has survived not only five centuries, but also the leap into electronic typesetting, remaining essentially unchanged. It was popularised in the 1960s with the release of Letraset sheets containing Lorem Ipsum passages, and more recently with desktop publishing software like Aldus PageMaker including versions of Lorem Ipsum\r\n>Lorem Ipsum is simply dummy text of the printing and typesetting industry. Lorem Ipsum has been the industry\'s standard dummy text ever since the 1500s, when an unknown printer took a galley of type and scrambled it to make a type specimen book. It has survived not only five centuries, but also the leap into electronic typesetting, remaining essentially unchanged. It was popularised in the 1960s with the release of Letraset sheets containing Lorem Ipsum passages, and more recently with desktop publishing software like Aldus PageMaker including versions of Lorem Ipsum.', 200, 'upload/cb3db897a5.png', 0),
(2, ' LOREM2', 9, 7, 'Lorem ipsum dolor sit amet, consectetur adipisicing elit, sed do eiusmod tempor incididunt ut labore. Lorem ipsum dolor sit amet, consectetur adipisicing elit, sed do eiusmod tempor incididunt ut labore\r\n', 500, 'upload/e43bf7c1f9.jpg', 0),
(3, 'Lorem3', 11, 5, 'asdasdas', 222, 'upload/83c6690abc.jpg', 0),
(5, 'IPHONE', 1, 3, 'Lorem Ipsum is simply dummy text of the printing and typesetting industry. Lorem Ipsum has been the industry\'s standard dummy text ever since the 1500s, when an unknown printer took a galley of type and scrambled it to make a type specimen book. It has survived not only five centuries, but also the leap into electronic typesetting, remaining essentially unchanged. It was popularised in the 1960s with the release of Letraset sheets containing Lorem Ipsum passages, and more recently with desktop publishing software like Aldus PageMaker including versions of Lorem Ipsum.\r\n\r\n', 505, 'upload/d86559aac7.png', 0),
(6, 'Kahllat', 9, 5, 'Using color to add meaning only provides a visual indication, which will not be conveyed to users of assistive technologies – such as screen readers. Ensure that information denoted by the color is either obvious from the content itself (e.g. the visible text), or is included through alternative means, such as additional text hidden with the .sr-only class.', 140, 'upload/8467d07af9.png', 1);

-- --------------------------------------------------------

--
-- Table structure for table `tbl_wlist`
--

CREATE TABLE `tbl_wlist` (
  `id` int(11) NOT NULL,
  `cmrId` int(11) NOT NULL,
  `productId` int(11) NOT NULL,
  `productName` varchar(255) NOT NULL,
  `price` float NOT NULL,
  `image` varchar(255) NOT NULL
) ENGINE=InnoDB DEFAULT CHARSET=latin1;

--
-- Indexes for dumped tables
--

--
-- Indexes for table `tbl_admin`
--
ALTER TABLE `tbl_admin`
  ADD PRIMARY KEY (`adminId`);

--
-- Indexes for table `tbl_brand`
--
ALTER TABLE `tbl_brand`
  ADD PRIMARY KEY (`brandId`);

--
-- Indexes for table `tbl_cart`
--
ALTER TABLE `tbl_cart`
  ADD PRIMARY KEY (`cartId`);

--
-- Indexes for table `tbl_category`
--
ALTER TABLE `tbl_category`
  ADD PRIMARY KEY (`catId`);

--
-- Indexes for table `tbl_compare`
--
ALTER TABLE `tbl_compare`
  ADD PRIMARY KEY (`id`);

--
-- Indexes for table `tbl_customer`
--
ALTER TABLE `tbl_customer`
  ADD PRIMARY KEY (`id`);

--
-- Indexes for table `tbl_order`
--
ALTER TABLE `tbl_order`
  ADD PRIMARY KEY (`id`);

--
-- Indexes for table `tbl_product`
--
ALTER TABLE `tbl_product`
  ADD PRIMARY KEY (`productId`);

--
-- Indexes for table `tbl_wlist`
--
ALTER TABLE `tbl_wlist`
  ADD PRIMARY KEY (`id`);

--
-- AUTO_INCREMENT for dumped tables
--

--
-- AUTO_INCREMENT for table `tbl_admin`
--
ALTER TABLE `tbl_admin`
  MODIFY `adminId` int(11) NOT NULL AUTO_INCREMENT, AUTO_INCREMENT=3;
--
-- AUTO_INCREMENT for table `tbl_brand`
--
ALTER TABLE `tbl_brand`
  MODIFY `brandId` int(11) NOT NULL AUTO_INCREMENT, AUTO_INCREMENT=8;
--
-- AUTO_INCREMENT for table `tbl_cart`
--
ALTER TABLE `tbl_cart`
  MODIFY `cartId` int(11) NOT NULL AUTO_INCREMENT, AUTO_INCREMENT=16;
--
-- AUTO_INCREMENT for table `tbl_category`
--
ALTER TABLE `tbl_category`
  MODIFY `catId` int(11) NOT NULL AUTO_INCREMENT, AUTO_INCREMENT=12;
--
-- AUTO_INCREMENT for table `tbl_compare`
--
ALTER TABLE `tbl_compare`
  MODIFY `id` int(11) NOT NULL AUTO_INCREMENT, AUTO_INCREMENT=12;
--
-- AUTO_INCREMENT for table `tbl_customer`
--
ALTER TABLE `tbl_customer`
  MODIFY `id` int(11) NOT NULL AUTO_INCREMENT, AUTO_INCREMENT=4;
--
-- AUTO_INCREMENT for table `tbl_order`
--
ALTER TABLE `tbl_order`
  MODIFY `id` int(11) NOT NULL AUTO_INCREMENT, AUTO_INCREMENT=14;
--
-- AUTO_INCREMENT for table `tbl_product`
--
ALTER TABLE `tbl_product`
  MODIFY `productId` int(11) NOT NULL AUTO_INCREMENT, AUTO_INCREMENT=7;
--
-- AUTO_INCREMENT for table `tbl_wlist`
--
ALTER TABLE `tbl_wlist`
  MODIFY `id` int(11) NOT NULL AUTO_INCREMENT, AUTO_INCREMENT=2;COMMIT;

/*!40101 SET CHARACTER_SET_CLIENT=@OLD_CHARACTER_SET_CLIENT */;
/*!40101 SET CHARACTER_SET_RESULTS=@OLD_CHARACTER_SET_RESULTS */;
/*!40101 SET COLLATION_CONNECTION=@OLD_COLLATION_CONNECTION */;
